ID,Fecha,Dataset,Pipeline,Modelo,Hiperparametros,Validacion,Metrica_principal,Resultados
1,2026-09-29,simulado_v1 (8000),FE+CT (final),Regresión Logística,por defecto del catálogo,RepeatedStratifiedKFold(5x3),f1,F1=0.6922±0.0124; AUC=0.8443
2,2026-09-29,simulado_v1 (8000),FE+CT (final),SVM lineal,por defecto del catálogo,RepeatedStratifiedKFold(5x3),f1,F1=0.6903±0.0128; AUC=0.8438
3,2026-09-29,simulado_v1 (8000),FE+CT (final),SVM RBF,por defecto del catálogo,RepeatedStratifiedKFold(5x3),f1,F1=0.6833±0.0156; AUC=0.8299
4,2026-09-29,simulado_v1 (8000),FE+CT (final),Random Forest,por defecto del catálogo,RepeatedStratifiedKFold(5x3),f1,F1=0.6650±0.0173; AUC=0.8323
5,2026-09-29,simulado_v1 (8000),FE+CT (final),Gradient Boosting,por defecto del catálogo,RepeatedStratifiedKFold(5x3),f1,F1=0.6627±0.0170; AUC=0.8369
6,2026-09-29,simulado_v1 (8000),FE+CT (final),MLP (red neuronal),por defecto del catálogo,RepeatedStratifiedKFold(5x3),f1,F1=0.6514±0.0192; AUC=0.8332
7,2026-09-29,simulado_v1 (8000),FE+CT (final),HistGradientBoosting,por defecto del catálogo,RepeatedStratifiedKFold(5x3),f1,F1=0.6443±0.0174; AUC=0.8242
8,2026-09-29,simulado_v1 (8000),FE+CT (final),Dummy (baseline),por defecto del catálogo,RepeatedStratifiedKFold(5x3),f1,F1=0.0000±0.0000; AUC=0.5000
9,2026-09-29,simulado_v1 (8000),FE+CT+SelectFromModel,Random Forest,"n_estimators=300,max_depth=12",RepeatedStratifiedKFold(5x3),f1,F1=0.6631 (14 vars)
10,2026-09-29,simulado_v1 (8000),FE+CT+SMOTE,Random Forest,"n_estimators=300,max_depth=12",RepeatedStratifiedKFold(5x2),f1,F1=0.6725
11,2026-09-29,simulado_v1 (8000),FE+CT (final),Random Forest (tuned),"{'n_estimators': 200, 'min_samples_leaf': 8, 'max_features': 'sqrt', 'max_depth': 6}",RandomizedSearchCV(5x2),f1,F1=0.6847
12,2026-09-29,simulado_v1 (8000),FE+CT (final),SVM (tuned),"{'C': 0.1, 'kernel': 'linear'}",GridSearchCV(5x1),f1,F1=0.6924
