Umbral,Precision,Recall,F1-score,Falsos positivos,Falsos negativos
0.2,0.4753722794959908,0.9718969555035128,0.6384615384615384,458,12
0.25,0.5006195786864932,0.9461358313817331,0.6547811993517018,403,23
0.3,0.5357142857142857,0.9133489461358314,0.6753246753246753,338,37
0.35,0.5634441087613293,0.8735362997658079,0.6850321395775941,289,54
0.4,0.5840130505709625,0.8384074941451991,0.6884615384615385,255,69
0.45,0.609009009009009,0.7915690866510539,0.6883910386965377,217,89
0.5,0.6334661354581673,0.7447306791569087,0.6846071044133477,184,109
0.55,0.6543478260869565,0.7049180327868853,0.6786922209695603,159,126
0.6,0.6744730679156908,0.6744730679156908,0.6744730679156908,139,139
0.65,0.7026315789473684,0.6252927400468384,0.6617100371747212,113,160
0.7,0.7476635514018691,0.5620608899297423,0.6417112299465241,81,187
0.75,0.7749077490774908,0.4918032786885246,0.6017191977077364,61,217
0.8,0.8232558139534883,0.41451990632318503,0.5514018691588785,38,250
