Variable,Coeficiente,|Coeficiente|
earnedgpm,1.1156233573968908,1.1156233573968908
cspm,0.8662059177811335,0.8662059177811335
golddiffat15,0.675940284961982,0.675940284961982
xpdiffat15,0.44245082312440914,0.44245082312440914
impacto_dano,0.19035223490158573,0.19035223490158573
oro_por_cs15,-0.15169328286038689,0.15169328286038689
damageshare,-0.1369892915997663,0.1369892915997663
position_top,-0.10495906139599129,0.10495906139599129
csat15,-0.09770347202021414,0.09770347202021414
position_jng,-0.07655494369046141,0.07655494369046141
kda,-0.07258808828830929,0.07258808828830929
deaths,-0.07010596636094127,0.07010596636094127
dominancia15,-0.0657145163695519,0.0657145163695519
dpm,-0.06488661128525632,0.06488661128525632
position_mid,-0.047682947591452696,0.047682947591452696
goldat15,0.04715932773726107,0.04715932773726107
position_sup,-0.04430299260748733,0.04430299260748733
assists,0.04394509478549804,0.04394509478549804
vspm,0.03750866643161604,0.03750866643161604
xpat15,-0.027851140270428787,0.027851140270428787
position_bot,0.025580971273303117,0.025580971273303117
deathsat15,-0.014785095694568661,0.014785095694568661
kills,-0.01437393764345102,0.01437393764345102
assistsat15,-0.009889503704045215,0.009889503704045215
participacion15,-0.007253761696956884,0.007253761696956884
year,-0.006393555392362062,0.006393555392362062
killsat15,0.0007353173443557885,0.0007353173443557885
