Variable,Importancia,std
earnedgpm,0.14491397305428227,0.010662507043504523
cspm,0.08656289101435753,0.007429643155361769
golddiffat15,0.04647363749011575,0.005377961684024602
xpdiffat15,0.02607287522987479,0.004266944105788073
damageshare,0.004187280918347869,0.0011558978543278326
csat15,0.002583383575049025,0.0007446609621670041
dpm,0.0012485192579778093,0.0005834095872904549
assists,0.0006310763441805256,0.00045964122252700957
deaths,0.00029569395675471677,0.00048231666433473316
goldat15,0.00029387616603696596,0.00045228948262466466
vspm,0.00029296727067810167,0.0003264019993748547
position_sup,0.00025206697952863123,0.00019293812182854638
dominancia15,0.0002278297699585652,0.0005708956253701879
oro_por_cs15,0.0001926858160819944,0.0008391392227254127
position_top,0.0001178534315344204,0.0003641470599604898
killsat15,1.4845290861642545e-05,1.1044730457119851e-05
assistsat15,6.059302392491528e-06,9.671185714293698e-05
participacion15,-2.787279100556761e-05,6.538433711642582e-05
position_jng,-7.634721014568858e-05,0.00019174508999230503
xpat15,-0.00013391058287457459,0.00020789147735045203
position_bot,-0.00016208633899981174,0.00010346380818997837
kda,-0.0001914739556034606,0.0004552141407732475
year,-0.00022055860708758424,6.82418423929773e-05
position_mid,-0.00028448424732865354,0.00011176456766081797
deathsat15,-0.0003983991323078473,0.00012419537655290907
kills,-0.0004168800046050913,0.00013227611172026161
impacto_dano,-0.0005723011109730946,0.0015178156093592296
