Variable,SHAP medio |·|
earnedgpm,0.9180020578625462
cspm,0.679743230522484
golddiffat15,0.5630646424161713
xpdiffat15,0.3295802726989131
impacto_dano,0.15068542588143102
oro_por_cs15,0.11250555802232044
damageshare,0.11196006987367595
csat15,0.07410333159380654
deaths,0.058975103202212956
kda,0.05586657420417145
dpm,0.05240132961792054
dominancia15,0.047568010838196575
position_top,0.03499335106942358
assists,0.03455035526474878
goldat15,0.03452526788793874
vspm,0.02994624358797384
position_jng,0.023624855622876556
xpat15,0.021370052049358743
position_sup,0.01566553818600747
position_mid,0.014757872279554668
kills,0.012316068265535243
deathsat15,0.011024783179479405
assistsat15,0.008719458213806562
position_bot,0.007597548468171044
participacion15,0.006065440704245836
year,0.005609331124708906
killsat15,0.0005937769407302728
